date,ticker,sentiment_score,sentiment_label,rumor_flag
2026-07-07,AAPL,7,Positive,True
2026-07-07,TSLA,7,Positive,False
2026-07-07,NOW,6,Mixed,False
2026-07-07,AAPL,7,Positive,True
2026-07-07,AIQ,4,Mixed,True
2026-07-07,AIQ,4,Mixed,True
2026-07-07,ZETA,8,Positive,True
2026-07-07,AAPL,8,Positive,False
2026-07-08,TSLA,8,Positive,True
2026-07-08,NOW,7,Positive,False
2026-07-24,AAPL,5,Mixed,False
2026-07-24,NOW,8,Positive,False
2026-07-24,ZETA,8,Positive,False
2026-07-24,PURR,2,Negative,False
2026-07-24,AAPL,5,Mixed,False
2026-07-24,AAPL,5,Mixed,False
2026-07-24,NOW,8,Positive,False
